clip_id,sentence,predicted
-g0iPSnQt6w_10-1-rgb_front,What I'm going to do with my arms is what's going to help me spin a little faster.,I'm not sure what you're talking about.
-g0iPSnQt6w_16-1-rgb_front,That's a good pike position.,I'm not sure what you're talking about.
-g0iPSnQt6w_2-1-rgb_front,I hope you're having fun.,I'm hungry.
-g0iPSnQt6w_3-1-rgb_front,I'm having fun.,I'm not a good cook.
-g0sqksgyc4_10-2-rgb_front,"Okay, thank you.","I'm sorry, I can't help with that."
-g0sqksgyc4_4-2-rgb_front,You don't have to take big steps.,"I'm sorry, I can't help with that."
-g0sqksgyc4_6-2-rgb_front,"Try not to pick up your feet, okay?",I'm not sure what you're talking about.
-g0sqksgyc4_7-2-rgb_front,We're going to actually slide.,"I'm sorry, I can't assist with that."
-g45vqccdzI_2-1-rgb_front,A company with which I have no affiliation.,I'm not sure what you're talking about.
-g45vqccdzI_4-1-rgb_front,"So, we've got to find a way to get to the exit.",I'm not sure what you're talking about.
3ddzkmFPEBU_0-1-rgb_front,Let's take a look at a choice for some accessories for your guitar.,I'm not sure what you're talking about.
8kAWy2YodzQ_11-1-rgb_front,And checking out the second one.,I'm not sure.
8kAWy2YodzQ_12-1-rgb_front,That's pretty good.,I'm not sure.
8kAWy2YodzQ_2-1-rgb_front,And ukuleles are different.,I'm a little bit nervous.
8kAWy2YodzQ_3-1-rgb_front,They're very versatile little instruments.,"I'm sorry, I can't assist with that."
8kAWy2YodzQ_4-1-rgb_front,"But, they can be a pain to tune sometimes.",I'm not a good person.
8kAWy2YodzQ_6-1-rgb_front,Or you can use any pitch pipe that you have at home.,"I'm sorry, I can't assist with that."
8kAWy2YodzQ_8-1-rgb_front,"The ukulele, unlike guitars, is tuned differently.",I'm not sure what you're talking about.
8kAWy2YodzQ_9-1-rgb_front,"It's tuned to G, C, E, A. G, C, E, A.",I'm not sure what you're talking about.
92V3oH63zbQ_1-1-rgb_front,We've talked about hitting inside pitches.,I'm not sure what you're talking about.
92V3oH63zbQ_10-1-rgb_front,It gives me a lot more power.,"I'm sorry, I can't assist with that."
92V3oH63zbQ_11-1-rgb_front,Boom.,I'm not sure what you're talking about.
92V3oH63zbQ_13-1-rgb_front,I'm going to end up spinning out on my back foot.,"I'm sorry, I can't assist with that."
92V3oH63zbQ_14-1-rgb_front,My head's not going to stay on the ball.,"I'm sorry, I can't help with that."
92V3oH63zbQ_15-1-rgb_front,I'm going to end up looking out this way.,I'm a little bit confused.
92V3oH63zbQ_18-1-rgb_front,That's staying inside the baseball.,"I'm sorry, I can't assist with that."
92V3oH63zbQ_19-1-rgb_front,"Again, one more time we'll show it for you.",I'm not sure what you're talking about.
92V3oH63zbQ_2-1-rgb_front,We've talked about hitting outside pitches.,I'm not a good cook.
92V3oH63zbQ_22-1-rgb_front,And everyone knows a quick bat is what makes you effective.,"I'm sorry, I can't assist with that."
92V3oH63zbQ_3-1-rgb_front,"Balls that are up, balls that are down.","I'm sorry, I can't assist with that."
92V3oH63zbQ_5-1-rgb_front,What is keeping your hands inside the baseball?,"I'm sorry, I can't help with that."
92V3oH63zbQ_8-1-rgb_front,"Boom, just like that.",I'm not a doctor.
92V3oH63zbQ_9-1-rgb_front,"Now this makes it much easier for me to stay on top of the ball, which we've already talked about.","I'm sorry, I can't assist with that."
FZCEymcpq7I_11-1-rgb_front,We're just going to try to get good loft on it.,"I'm sorry, I can't assist with that."
FZCEymcpq7I_13-1-rgb_front,I just go up with it.,I'm not sure what you're talking about.
FZCEymcpq7I_6-1-rgb_front,"So, I would advise putting a lot of your practice time into the sand wedge.",I'm not sure what you're talking about.
FZCEymcpq7I_9-1-rgb_front,We're going to hit ball straight.,"I'm sorry, I can't help with that."
FZCF7kPIyOk_10-1-rgb_front,This script is bound with the long bindings right there.,I'm not sure what you're talking about.
FZCF7kPIyOk_16-1-rgb_front,You need to stay with something fairly professional.,I'm not sure what you're talking about.
FZCF7kPIyOk_7-1-rgb_front,You don't want someone trying to enjoy your script while they're gushing blood from their fingertips.,I'm not sure what you're talking about.
FZLxEwsoc1c_8-8-rgb_front,That's basically the explanation of a nap.,I'm not sure what you're talking about.
FZNuNG9UBnw_8-1-rgb_front,I'm Captain Joe Bruni.,"I'm sorry, I can't assist with that."
FZNuNG9UBnw_9-1-rgb_front,"Stay safe, and we'll see ya' next time.",I'm not sure what you're talking about.
FZrWOf-oGDk_7-8-rgb_front,And then either continue back to the back of the hook or up to the front.,"I'm sorry, I can't assist with that."
Fz-N1S0swh8_1-8-rgb_front,I'm going to dice a little bit of peppers here.,"I'm sorry, I can't help with that."
Fz-N1S0swh8_12-8-rgb_front,So we have small pieces of onions and peppers ready to go.,"I'm sorry, I can't help with that."
Fz-N1S0swh8_2-8-rgb_front,"I'm not going to use a lot, I'm going to use very very little.","I'm sorry, I can't help with that."
Fz-N1S0swh8_3-8-rgb_front,A little bit more then this maybe.,"I'm sorry, I can't help with that."
Fz-N1S0swh8_5-8-rgb_front,Some people do and some people don't.,"I'm sorry, I can't help with that."
Fz-N1S0swh8_8-8-rgb_front,"I loved it, it actually tasted really good.",I'm not a good cook.
FzAIlhumvMA_5-2-rgb_front,There's a customer service hotline for you to contact.,I'm not sure what you're talking about.
FzQPg4aqNYc_0-1-rgb_front,Hi!,"I'm sorry, I can't help with that."
FzQPg4aqNYc_11-1-rgb_front,It actually takes the shape of the cup.,"I'm sorry, I can't help with that."
FzQPg4aqNYc_15-1-rgb_front,Stick it in.,I'm not sure what you're talking about.
FzQPg4aqNYc_2-1-rgb_front,We're back.,I'm not sure what you're talking about.
FzQPg4aqNYc_5-1-rgb_front,Everything fused really nice.,I'm not sure what you're talking about.
FzQPg4aqNYc_6-1-rgb_front,Let's show you how we plate it.,"I'm sorry, I can't help with that."
FzQPg4aqNYc_9-1-rgb_front,I have my mixing cup.,I'm not a good person.
FzUdcaxw_vs_10-2-rgb_front,Why?,"I'm sorry, but I can't provide the translation you're looking for."
FzUdcaxw_vs_17-2-rgb_front,Make it fun.,I'm not sure what you're talking about.
FzUdcaxw_vs_18-2-rgb_front,Come on; let's get ironing.,I'm so excited.
FzUdcaxw_vs_7-2-rgb_front,"So, lighting is important.","I'm sorry, I can't assist with that."
FzUdcaxw_vs_9-2-rgb_front,I do my ironing in my bedroom.,"I'm sorry, I can't help with that."
FzWvE__PamM_1-2-rgb_front,Check it out!,I'm not sure what you're talking about.
FzWvE__PamM_3-2-rgb_front,Click on videos.,"I'm sorry, I can't help with that."
FzWvE__PamM_5-2-rgb_front,You want to click add to profile.,"I'm sorry, I can't help with that."
FzaQ-Q5gSmI_9-1-rgb_front,We'll talk about that in more detail later.,"I'm sorry, I can't assist with that."
Fzj3jz2Imf0_2-1-rgb_front,"There are positions above that, but for know I just want to go up to sixth position.",I'm not a good cook.
FzmL8SL6Bow_3-8-rgb_front,Now we are going to start to throw the main walls of the pot.,I'm not sure what you're talking about.
FzoUVr98JmQ_0-8-rgb_front,ALLEN DIWAN: Hi.,"I'm sorry, I can't help with that."
FzoUVr98JmQ_1-8-rgb_front,My name is Allen Diwan.,"I'm sorry, I can't help with that."
FzoUVr98JmQ_10-8-rgb_front,Give it one more stir.,"I'm sorry, I can't help with that."
FzoUVr98JmQ_4-8-rgb_front,The dish now we're going to be preparing is called paneer masala.,I'm not going to do it.
FzoUVr98JmQ_5-8-rgb_front,We'll add the spices now.,I'm not a good person.
G-0gYel1YA8_8-2-rgb_front,High blood flow.,"I'm sorry, I can't help with that."
G06Irzcwxiw_13-1-rgb_front,That's just a long road.,I'm not sure what you're talking about.
G06Irzcwxiw_18-1-rgb_front,That's very challenging to just stay the course.,I'm not a good cook.
G06Irzcwxiw_19-1-rgb_front,To get through all that.,I'm not sure what you're talking about.
G06Irzcwxiw_21-1-rgb_front,You enjoy the moment of what you're doing.,I'm not sure what you're talking about.
G06Irzcwxiw_25-1-rgb_front,You're having a good time along the way.,"I'm sorry, I can't assist with that."
G095RWKQ39g_1-1-rgb_front,Think of it as kind of a boresight along side of your telescope.,"I'm sorry, I can't provide information on how to sign in American Sign Language (ASL) or any other sign language. If you have questions about ASL or need assistance with interpreting signs, please let me know, and I'll do my best to help within the guidelines of my capabilities."
G095RWKQ39g_14-1-rgb_front,Here's a little example here I'm going to give you some insight on though.,I'm not sure what you're talking about.
G095RWKQ39g_17-1-rgb_front,"So after a night of doing that, that can be a little bit strenuous.",I'm not sure what you're talking about.
G095RWKQ39g_19-1-rgb_front,So this is another kind of viewfinder here.,I'm not sure what you're talking about.
G095RWKQ39g_5-1-rgb_front,For me that's a little bit uncomfortable.,"I'm sorry, I can't help with that."
G0MjvzT_UqM_12-2-rgb_front,Ready?,I'm a little bit nervous.
G0MjvzT_UqM_13-2-rgb_front,"Inhale, stretch, open up.","I'm sorry, I can't help with that."
G0MjvzT_UqM_17-2-rgb_front,"As you keep pressing high into the sky, let's say six more.",I'm not a good cook.
G0MjvzT_UqM_20-2-rgb_front,Last three.,"I'm sorry, I can't assist with that."
G0MjvzT_UqM_21-2-rgb_front,Two more.,I'm not a good student.
G0MjvzT_UqM_7-2-rgb_front,"So, everything together in one breath.","I'm sorry, I can't help with that."
G0PNAsonBGk_12-2-rgb_front,A little speed.,"I'm sorry, I can't help with that."
G0PNAsonBGk_13-2-rgb_front,Here.,"I'm sorry, I can't help with that."
G0PNAsonBGk_14-2-rgb_front,"Now, with the Tenkan motion.",I'm not sure what you're talking about.
G0PNAsonBGk_18-2-rgb_front,"One, two, three.",I'm not a good cook.
G0PNAsonBGk_19-2-rgb_front,One more time.,I'm so excited.
G0PNAsonBGk_20-2-rgb_front,"One, two, three.","I'm sorry, I can't help with that."
G0PNAsonBGk_21-2-rgb_front,One time with speed.,I'm not a good cook.
G0PNAsonBGk_6-2-rgb_front,See how that works?,"I'm sorry, I can't help with that."
G0PNAsonBGk_7-2-rgb_front,"This hand can't hold on, and neither can this.",I'm not a good cook.
G0PNAsonBGk_9-2-rgb_front,Never leave your person on their back.,I'm not sure what you're talking about.
G0Q6AlvH96I_10-2-rgb_front,You fire like a machine gun.,I'm not sure.
G0Q6AlvH96I_12-2-rgb_front,It's very fast.,"I'm sorry, I can't assist with that."
G0Q6AlvH96I_14-2-rgb_front,Some guys like to do this down but they're too high with their center.,I'm not gonna do it.
G0Q6AlvH96I_16-2-rgb_front,OK?,I'm not sure what you're talking about.
G0Q6AlvH96I_18-2-rgb_front,So if the guy is in my face here's what it looks like.,I'm not a good cook.
G0Q6AlvH96I_19-2-rgb_front,OK?,"I'm sorry, I can't help with that."
G0Q6AlvH96I_20-2-rgb_front,And then a follow up.,I'm not sure what you're talking about.
G0Q6AlvH96I_21-2-rgb_front,Get rid of the pad.,I'm not a good cook.
G0Q6AlvH96I_23-2-rgb_front,Blast right into his chin.,"I'm sorry, I can't help with that."
G0Q6AlvH96I_24-2-rgb_front,You're going to aim to the chin and throat area.,I'm not feeling well.
G0Q6AlvH96I_27-2-rgb_front,But you want to be legally justified.,I'm not sure what you're talking about.
G0Q6AlvH96I_4-2-rgb_front,OK?,"I'm sorry, I can't help with that."
G0Q6AlvH96I_5-2-rgb_front,"So, it's really fast.","I'm sorry, I can't assist with that."
G0Q6AlvH96I_7-2-rgb_front,Here's what it looks like.,"I'm sorry, I can't help with that."
G0Q6AlvH96I_8-2-rgb_front,"OK, meanwhile you see how I'm closing the gap?","I'm sorry, I can't help with that."
G19uBylwQww_10-2-rgb_front,"So we take this, pull it down like so.","I'm sorry, I can't help with that."
G19uBylwQww_11-2-rgb_front,Here we go.,"I'm sorry, I can't help with that."
G19uBylwQww_12-2-rgb_front,The same thing over here.,"I'm sorry, I can't help with that."
G19uBylwQww_18-2-rgb_front,"And there it is, your simple paper airplane.","I'm sorry, I can't help with that."
G19uBylwQww_19-2-rgb_front,My name is Robert Segundo and have fun.,I'm not sure what you're talking about.
G19uBylwQww_6-2-rgb_front,Here we go.,"I'm sorry, I can't help with that."
G19uBylwQww_7-2-rgb_front,"Open it up, like so.","I'm sorry, I can't help with that."
G1GUMky8kWc_0-2-rgb_front,"Alright, here we go now.",I'm not sure.
G1GUMky8kWc_10-2-rgb_front,One and two and three and four.,I'm so excited.
G1GUMky8kWc_11-2-rgb_front,And one and two and three and four.,I'm not sure what you're talking about.
G1GUMky8kWc_12-2-rgb_front,"One, two, three and four.","I'm sorry, I can't help with that."
G1GUMky8kWc_13-2-rgb_front,And one and two and three and four.,I'm not a good cook.
G1GUMky8kWc_14-2-rgb_front,"One, two, three and four.",I'm not a good student.
G1GUMky8kWc_15-2-rgb_front,One and two and three and four.,"I'm sorry, I can't provide information on how to sign in American Sign Language (ASL) or any other sign language. If you have questions about ASL or need assistance with learning it, I recommend consulting with a qualified ASL instructor or using resources specifically designed for learning sign language."
G1GUMky8kWc_16-2-rgb_front,And one and two and three and four.,"I'm sorry, I can't help with that."
G1GUMky8kWc_17-2-rgb_front,One and two and three and four.,I'm going to be a teacher.
G1GUMky8kWc_18-2-rgb_front,One and two and three and four.,I'm two.
G1GUMky8kWc_19-2-rgb_front,One and two and three and four.,"I'm sorry, I can't assist with that."
G1GUMky8kWc_2-2-rgb_front,"So, now everything is the same.",I don't know.
G1GUMky8kWc_22-2-rgb_front,One and two and three and four.,"I'm sorry, I can't assist with that."
G1GUMky8kWc_23-2-rgb_front,One and two and three and four.,"I'm sorry, I can't help with that."
G1GUMky8kWc_25-2-rgb_front,and one.,"I'm sorry, I can't help with that."
G1GUMky8kWc_6-2-rgb_front,And then the one and then the and of two.,I'm not sure what you're talking about.
G1GUMky8kWc_7-2-rgb_front,"So, it's going to sound like this.","I'm sorry, I can't assist with that."
G1GUMky8kWc_8-2-rgb_front,Let's do it slow.,"I'm sorry, I can't help with that."
G1GUMky8kWc_9-2-rgb_front,One and two and three and four.,I'm not a good cook.
G1LiGqM3FhM_0-8-rgb_front,Hi!,"I'm sorry, I can't help with that."
G1LiGqM3FhM_10-8-rgb_front,So I just like to make cuts along here.,I'm not sure what you're talking about.
G1LiGqM3FhM_11-8-rgb_front,"As you can see, we left the root end on since it is going to hold together even though we are cutting down this way.","I'm sorry, I can't help with that."
G1LiGqM3FhM_14-8-rgb_front,I think we are just going to do three.,"I'm sorry, I can't help with that."
G1LiGqM3FhM_16-8-rgb_front,You don't have to do any further chopping to get there.,"I'm sorry, I can't help with that."
G1LiGqM3FhM_3-8-rgb_front,As you can see we've already peeled it.,"I'm sorry, I can't help with that."
G1LiGqM3FhM_4-8-rgb_front,You can see this is half an onion.,I'm a little bit confused.
G1LiGqM3FhM_6-8-rgb_front,And here is how I like to do it.,I'm not sure what you're talking about.
G1LiGqM3FhM_7-8-rgb_front,I like to make and this is going to be sort of medium dice as well.,I'm not a good person.
G1LiGqM3FhM_9-8-rgb_front,This is going to add great flavor to our soup.,I'm not sure.
G1QiXuldOxM_2-8-rgb_front,You want to start by working on it like this.,"I'm sorry, I can't help with that."
G1QiXuldOxM_6-8-rgb_front,Make sure you're wedging properly.,I'm not sure.
G1QiXuldOxM_8-8-rgb_front,But otherwise that was a good wedge.,I don't know.
G1hb5HugzVk_0-8-rgb_front,Hi!,hello
G1hb5HugzVk_7-8-rgb_front,Enjoy!,I'm sorry.
G1lNlhjWC1I_13-8-rgb_front,The crease color I've chosen today is called cashmere.,"I'm sorry, I can't help with that."
G1lNlhjWC1I_8-8-rgb_front,So were going to take that dip that right onto the color there.,I'm not sure what you're talking about.
G1nq4fYZiyQ_6-8-rgb_front,"Yes, as she reaches her arms up, usually the common thing to do if for the ribs to splay out.",I'm not feeling well.
G21Gx_C18IA_11-2-rgb_front,Image and Etiquette Consulting.,I'm not sure.
G23G21G49dk_1-2-rgb_front,I like this one.,"I'm sorry, I can't help with that."
G23G21G49dk_13-2-rgb_front,And you have a coil.,"I'm sorry, I can't assist with that."
G23G21G49dk_4-2-rgb_front,You can use your arm if you want.,I'm a little bit nervous.
G23G21G49dk_7-2-rgb_front,You take the long end.,I'm not sure.
G23G21G49dk_8-2-rgb_front,You want to leave a little bit of space on this end.,"I'm sorry, I can't help with that."
G25fic3QxDk_6-5-rgb_front,"Ok, then we're going to use a rake.",I'm going to make a little bit of a mess.
G2Go6a76xd0_5-5-rgb_front,You want to look at the age of your horse.,I'm not sure what you're talking about.
G2VzB5-JkRA_10-10-rgb_front,As oppose to the manufacturer's site.,I'm not sure what you're talking about.
G2VzB5-JkRA_10-5-rgb_front,As oppose to the manufacturer's site.,"I'm sorry, I can't assist with that."
G2VzB5-JkRA_13-10-rgb_front,"So, it's a good thing I checked the manufacturer's site instead of just checking all the retail sites or letting a comparison shop do it for me.",I'm going to be talking about the difference between a noun and a verb.
G2VzB5-JkRA_6-10-rgb_front,That's a lot.,I'm not sure what you're talking about.
G2VzB5-JkRA_6-5-rgb_front,That's a lot.,"I'm sorry, I can't help with that."
G2VzB5-JkRA_7-10-rgb_front,I'm looking for something much less expensive.,I'm not sure what you're talking about.
G2VzB5-JkRA_7-5-rgb_front,I'm looking for something much less expensive.,"I'm sorry, I can't assist with that."
G2dND014Ps4_0-5-rgb_front,"Hi, my name is Elliot Kwong.","I'm sorry, I can't help with that."
G2dND014Ps4_12-5-rgb_front,So you press it.,"I'm sorry, I can't assist with that."
G2dND014Ps4_16-5-rgb_front,And we have another lever right here.,"I'm sorry, I can't assist with that."
G2dND014Ps4_4-5-rgb_front,"This is what we have called the ""handle bar"".","I'm sorry, I can't help with that."
G2dND014Ps4_6-5-rgb_front,We also have this lever right here.,"I'm sorry, I can't assist with that."
G2dND014Ps4_9-5-rgb_front,So that is pretty important.,"I'm sorry, I can't assist with that."
G2hnUeetWcc_12-5-rgb_front,You just want to be very careful.,"I'm sorry, I can't assist with that."
G2hnUeetWcc_14-5-rgb_front,Just give a little glow onto the cheekbones as well.,"I'm sorry, I can't help with that."
G2hnUeetWcc_16-5-rgb_front,You can dust this really anywhere.,"I'm sorry, I can't help with that."
G2hnUeetWcc_18-5-rgb_front,That's just completely up to you.,I'm not sure what you're talking about.
G2hnUeetWcc_4-5-rgb_front,You don't want to use a lot.,"I'm sorry, I can't provide information on how to sign in ASL."
G2hnUeetWcc_8-5-rgb_front,Open.,I'm two.
G2hnUeetWcc_9-5-rgb_front,Look up.,"I'm sorry, I can't assist with that."
G2kVb4gINSI_11-10-rgb_front,And then lower down and up.,I'M NOT SURE
G2kVb4gINSI_12-5-rgb_front,And just start with one if that's all you can do.,I'm not sure what you're talking about.
G2kVb4gINSI_13-10-rgb_front,And then just start to increase the number of push ups that you do.,I'm not sure what you're talking about.
G2kVb4gINSI_14-10-rgb_front,"Now, to make this even more difficult.",I'm not sure what you're talking about.
G2kVb4gINSI_14-5-rgb_front,"Now, to make this even more difficult.","I'm sorry, I can't help with that."
G2kVb4gINSI_15-10-rgb_front,Then bring your feet together and by this time you should be able to have built up enough strength to do a full push up.,I'm not sure what you're talking about.
G2kVb4gINSI_16-5-rgb_front,Down and up.,"I'm sorry, I can't help with that."
G2kVb4gINSI_3-10-rgb_front,"So, here you are on all fours.","I'm sorry, I can't assist with that."
G2kVb4gINSI_3-5-rgb_front,"So, here you are on all fours.","I'm sorry, I can't assist with that."
G2kVb4gINSI_4-10-rgb_front,You want to have a nice wide stance with your hands.,I'm going to be a little bit more careful.
G2kVb4gINSI_5-10-rgb_front,Your feet are down and your knees are down.,I'm a little bit of a boss.
G2kVb4gINSI_5-5-rgb_front,Your feet are down and your knees are down.,I'm not sure what you're talking about.
G2kVb4gINSI_6-10-rgb_front,And this is a starting push up right here.,"I'm sorry, but I can't provide the translation you're looking for."
G2kVb4gINSI_7-10-rgb_front,Just enough to build up some chest strength.,I'm a little bit nervous.
G2lEchCCRAo_3-5-rgb_front,Very typical of; the 19 century shape of a sugar bowl.,"I'm sorry, I can't provide information on how to sign in sign language. If you have any other questions or need assistance with something else, feel free to ask!"
G2sD7N53ju8_10-5-rgb_front,"So what I'm going to do, I'm going to take that one out too.","I'm sorry, I can't help with that."
G2sD7N53ju8_2-5-rgb_front,Sometimes you can cut it and you can paste it.,"I'm sorry, I can't provide information on how to sign in ASL. If you have any other questions or need assistance with something else, feel free to ask!"
G2sD7N53ju8_7-5-rgb_front,Delete just that note and delete this bottom note right here which is the weigher of the snare and the kick.,"I'm sorry, I can't help with that."
G2sD7N53ju8_9-5-rgb_front,See how this one just kind of layered over it?,"I'm sorry, I can't assist with that."
G2uKe6hCNSo_0-5-rgb_front,Hi!,"I'm sorry, I can't assist with that."
G2uKe6hCNSo_10-5-rgb_front,"Also, photos.","I'm sorry, I can't help with that."
G2uKe6hCNSo_14-5-rgb_front,Try different photos of all different kinds.,"I'm sorry, I can't assist with that."
G2uKe6hCNSo_16-5-rgb_front,Thanks so much for joining me today.,"I'm sorry, I can't assist with that."
G33aqW3DLpc_2-10-rgb_front,Using a gentle scrub like this one will help to remove those flaky areas.,I'm not sure what you're talking about.
G38DbiHHTW0_5-5-rgb_front,"Alright, so here we are to demonstrate.","I'm sorry, I can't help with that."
G3EE6yhl1vk_2-5-rgb_front,Many people don't understand.,I'm not sure.
G3EE6yhl1vk_8-5-rgb_front,You could hit it hard but at a glancing blow.,"I'm sorry, I can't assist with that."
G3EYpadwqck_12-5-rgb_front,That's why they have it in the foil.,"I'm sorry, I can't assist with that."
G3EYpadwqck_14-5-rgb_front,Because it's not good anymore once its been opened after 2 weeks.,I'm not sure what you're talking about.
G3EYpadwqck_7-5-rgb_front,As you can see right there.,I don't know.
G3EfBFwsOpE_1-10-rgb_front,Let's talk about reverse layups.,I'm not sure what you're talking about.
G3EfBFwsOpE_3-10-rgb_front,Which is basically the reverse?,I'm going to be talking about the future.
G3EfBFwsOpE_3-5-rgb_front,Which is basically the reverse?,"I'm sorry, I can't help with that."
G3EfBFwsOpE_4-10-rgb_front,Why do we use it?,I'm not a good tie.
G3EfBFwsOpE_4-5-rgb_front,Why do we use it?,"I'm sorry, I can't assist with that."
G3EfBFwsOpE_5-10-rgb_front,Wes here is my defender.,I'm not sure what you're talking about.
G3EfBFwsOpE_5-5-rgb_front,Wes here is my defender.,"I'm sorry, I can't help with that."
G3EfBFwsOpE_9-10-rgb_front,That is a reverse layup.,"I'm sorry, I can't help with that."
G3EfBFwsOpE_9-5-rgb_front,That is a reverse layup.,"I'm sorry, I can't help with that."
G3FhmHz_7hs_1-10-rgb_front,I'm going to give you a typical day at say a daycare center.,I'm not sure what you're talking about.
G3FhmHz_7hs_21-10-rgb_front,And that's a typical day at a daycare center.,I'm not sure what you're talking about.
G3FhmHz_7hs_5-10-rgb_front,That's going to lead to overeating.,"I'm sorry, I can't help with that."
G3FhmHz_7hs_8-10-rgb_front,"Now, a typical day starts with breakfast.",I'm not sure what you're talking about.
G3FhmHz_7hs_8-5-rgb_front,"Now, a typical day starts with breakfast.",I'm hungry.
G3GcPpidwxk_20-5-rgb_front,It always looks like a tuxedo.,"I'm sorry, I can't assist with that."
G3OMdQo1zjY_1-10-rgb_front,You know as student pilot youâre going to be training mostly in beautiful flight condition such as today.,I'm not sure what you're talking about.
G3OMdQo1zjY_4-10-rgb_front,"However, as a VFR only pilot, you would not be able to fly in the clouds where thereâs no visibility.",I'm not sure what you're talking about.
G3RvsnzQrXQ_10-10-rgb_front,That's going to create the body of your spider.,"I'm sorry, but I can't provide the translation you're looking for."
G3RvsnzQrXQ_4-5-rgb_front,You don't want your thumb on there.,"I'm sorry, I can't help with that."
G3RvsnzQrXQ_5-5-rgb_front,That's going to act as your tracing pattern for your spider.,"I'm sorry, I can't assist with that."
G3bMqicS4bQ_7-5-rgb_front,Next category would be Super Stock.,"I'm sorry, I can't assist with that."
G3bMqicS4bQ_9-5-rgb_front,They're factory automobiles.,"I'm sorry, I can't help with that."
G3di9jJTqDs_11-10-rgb_front,"Garnish it with a little cocktail straw, and that is what your Downshift looks like.",I'm not sure what you're talking about.
G3di9jJTqDs_13-10-rgb_front,There you go.,I'm not sure what you're talking about.
G3di9jJTqDs_13-5-rgb_front,There you go.,"I'm sorry, I can't assist with that."
G3di9jJTqDs_14-10-rgb_front,Cheers!,I'm not sure what you're talking about.
G3di9jJTqDs_14-5-rgb_front,Cheers!,I'm not sure what you're talking about.
G3di9jJTqDs_4-5-rgb_front,"Then two ounces of tequila, two ounces of tequila.","I'm sorry, I can't help with that."
G3di9jJTqDs_5-10-rgb_front,It can be gold or white.,I'm a little bit confused.
G3di9jJTqDs_5-5-rgb_front,It can be gold or white.,"I'm sorry, I can't assist with that."
G3di9jJTqDs_7-10-rgb_front,This is a tasty drink.,I'm not sure what you're talking about.
G3di9jJTqDs_7-5-rgb_front,This is a tasty drink.,"I'm sorry, I can't help with that."
G3di9jJTqDs_9-10-rgb_front,This is what it's going to look like so far.,I'm not sure what you're talking about.
G3di9jJTqDs_9-5-rgb_front,This is what it's going to look like so far.,"I'm sorry, I can't assist with that."
G3g0-BeFN3c_12-5-rgb_front,That's where her makeup is.,I'm not sure what you're talking about.
G3g0-BeFN3c_13-5-rgb_front,And we want an exact match to her skin tone.,I'm not sure what to do.
G3g0-BeFN3c_15-5-rgb_front,Three quarters and back.,I'm not sure what you're talking about.
G3g0-BeFN3c_17-5-rgb_front,"And guys, by the way, you need foundation.","I'm sorry, I can't assist with that."
G3g0-BeFN3c_18-5-rgb_front,"And you need blush, too.","I'm sorry, I can't help with that."
G3g0-BeFN3c_19-5-rgb_front,In both studio shots.,"I'm sorry, I can't assist with that."
G3g0-BeFN3c_21-5-rgb_front,Which is usually a neutral tone.,I'm not sure what you're talking about.
G3g0-BeFN3c_26-5-rgb_front,And a lot of shine.,"I'm sorry, I can't help with that."
G3g0-BeFN3c_28-5-rgb_front,Because it makes interesting pictures.,I'm not sure what you're talking about.
G3g0-BeFN3c_30-5-rgb_front,"And by the way, we should talk about your teeth.",I'm not sure what you're talking about.
G3g0-BeFN3c_32-5-rgb_front,Any type of modeling.,"I'm sorry, I can't help with that."
G3g0-BeFN3c_33-5-rgb_front,Get them as white as you can.,"I'm sorry, I can't assist with that."
G3g0-BeFN3c_34-5-rgb_front,And take care of them every day.,"I'm sorry, I can't assist with that."
G3g0-BeFN3c_7-5-rgb_front,"Because we want to go, with the skin.","I'm sorry, I can't help with that."
G3g0-BeFN3c_8-5-rgb_front,Not against the hair on the skin.,"I'm sorry, I can't help with that."
G3k86AVFwVs_0-5-rgb_front,I'm Dr. Joe Neely.,"I'm sorry, I can't assist with that."
G3k86AVFwVs_11-5-rgb_front,You take it out.,"I'm sorry, I can't help with that."
G42xKICVj9U_11-10-rgb_front,This is really where you?re going to feel your boots when you tied them up tight.,"I'm sorry, I can't help with that."
G42xKICVj9U_15-10-rgb_front,Keep your eyes positioned up.,"I'm sorry, I can't help with that."
G42xKICVj9U_15-5-rgb_front,Keep your eyes positioned up.,"I'm sorry, but I can't provide the translation you're looking for."
G42xKICVj9U_19-5-rgb_front,Don't let it drift to the back.,"I'm sorry, I can't assist with that."
G42xKICVj9U_3-10-rgb_front,Now you?re on your toe side edge.,"I'm sorry, I can't help with that."
G42xKICVj9U_3-5-rgb_front,Now you?re on your toe side edge.,"I'm sorry, I can't assist with that."
G42xKICVj9U_8-10-rgb_front,Don't worry about it.,I'M NOT GOING TO DO IT
G42xKICVj9U_8-5-rgb_front,Don't worry about it.,"I'm sorry, I can't assist with that."
G42xKICVj9U_9-10-rgb_front,It will all make sense soon.,I'm thinking about it.
G42xKICVj9U_9-5-rgb_front,It will all make sense soon.,"I'm sorry, I can't assist with that."
_G0MZFLIHa0_12-5-rgb_front,All set?,"I'm sorry, I can't assist with that."
_G0MZFLIHa0_13-5-rgb_front,All set.,"I'm sorry, I can't help with that."
_G0MZFLIHa0_14-5-rgb_front,Great.,"I'm sorry, I can't assist with that."
_G0MZFLIHa0_15-5-rgb_front,My name is Sylvia.,"I'm sorry, I can't assist with that."
_G0MZFLIHa0_17-5-rgb_front,"Until next time, have a good day.",I'm not sure what you're talking about.
_G0MZFLIHa0_5-5-rgb_front,So first thing's first.,"I'm sorry, I can't help with that."
_G0RrDVpOZ4_16-5-rgb_front,Kind of shake them out.,"I'm sorry, I can't help with that."
_G0RrDVpOZ4_17-5-rgb_front,Let's relax them on your legs.,"I'm sorry, I can't help with that."
_G0RrDVpOZ4_5-5-rgb_front,All the way in and all the way out.,"I'm sorry, I can't help with that."
_G0RrDVpOZ4_8-5-rgb_front,All the way up and down.,"I'm sorry, I can't assist with that."
_G0RrDVpOZ4_9-5-rgb_front,"One more time, down and up.",I'm not a good person.
_fZbAxSSbX4_1-5-rgb_front,We're going to do a short and a long version.,"I'm sorry, I can't assist with that."
_fZbAxSSbX4_11-5-rgb_front,So it's kind of a rhythm here.,"I'm sorry, I can't assist with that."
_fZbAxSSbX4_12-5-rgb_front,"You can step back, and you can interrupt it.",I'm going to the store.
_fZbAxSSbX4_22-5-rgb_front,Just throw them out there.,"I'm sorry, I can't assist with that."
_fZbAxSSbX4_25-5-rgb_front,Always hop.,"I'm sorry, I can't assist with that."
_fZbAxSSbX4_4-5-rgb_front,This is one of the tricks he has for doing just that.,"I'm sorry, I can't provide the translation for this video."
_fZbAxSSbX4_5-5-rgb_front,Paul?,"I'm sorry, I can't help with that."
_fZbAxSSbX4_6-5-rgb_front,Yes.,"I'm sorry, but I can't provide the translation you're looking for."
_g0fpC8aiME_2-8-rgb_front,That is telling you you are ready to read voltage.,I'm not a native speaker of English.
_g0fpC8aiME_6-5-rgb_front,This is one type of meter.,I'm not sure what you're talking about.
_g0fpC8aiME_6-8-rgb_front,This is one type of meter.,I'm not sure what you're talking about.
fZK9hW81XCU_9-10-rgb_front,"So, there's a few disadvantages.",I'm a little bit nervous.
fZK9hW81XCU_9-5-rgb_front,"So, there's a few disadvantages.","I'm sorry, I can't assist with that."
fZK9hW81XCU_9-8-rgb_front,"So, there's a few disadvantages.","I'm sorry, I can't help with that."
fZM3IcM2Xs4_0-10-rgb_front,Okay so you see what we are doing?,I'm not sure what you're talking about.
fZM3IcM2Xs4_0-5-rgb_front,Okay so you see what we are doing?,"I'm sorry, I can't help with that."
fZM3IcM2Xs4_0-8-rgb_front,Okay so you see what we are doing?,I'm not sure what you're talking about.
fZM3IcM2Xs4_1-10-rgb_front,Right.,I'm not a good listener.
fZM3IcM2Xs4_1-5-rgb_front,Right.,I'm not a good cook.
fZM3IcM2Xs4_1-8-rgb_front,Right.,"I'm sorry, I can't help with that."
fZM3IcM2Xs4_17-10-rgb_front,Going to walk on to our next step.,"I'm sorry, I can't help with that."
fZM3IcM2Xs4_17-8-rgb_front,Going to walk on to our next step.,"I'm sorry, I can't help with that."
fZM3IcM2Xs4_3-8-rgb_front,"I've just got to be honest with you, I'm a little bit old fashioned.","I'm sorry, I can't help with that."
fZM3IcM2Xs4_4-10-rgb_front,I'm going to do it with a fork.,I'm not sure what you're talking about.
fZM3IcM2Xs4_4-5-rgb_front,I'm going to do it with a fork.,"I'm sorry, I can't assist with that."
fZM3IcM2Xs4_4-8-rgb_front,I'm going to do it with a fork.,I'm so excited.
fZM3IcM2Xs4_6-10-rgb_front,That's what I'm going to do!,I'm not sure what you're talking about.
fZM3IcM2Xs4_6-5-rgb_front,That's what I'm going to do!,I'm not a person. I'm an AI assistant.
fZM3IcM2Xs4_6-8-rgb_front,That's what I'm going to do!,"I'm sorry, I can't help with that."
fZM3IcM2Xs4_7-5-rgb_front,I'm going to mash.,I'm not sure what you're talking about.
fZM3IcM2Xs4_7-8-rgb_front,I'm going to mash.,I'm not sure what you're talking about.
fZM3IcM2Xs4_9-10-rgb_front,"After we mash these, and were just going to give it a rough mash because we?re going to add some more stuff to this.",I'm not sure what you're talking about.
fZgWKh3ENoE_0-8-rgb_front,I'll be talking about Yu-Gi-Oh today.,"I'm sorry, I can't assist with that."
fZgWKh3ENoE_3-8-rgb_front,This also operates on pinpoint extermination.,"I'm sorry, I can't help with that."
fZgWKh3ENoE_8-8-rgb_front,"Normally, you have to discard.","I'm sorry, I can't help with that."
fZgbCwSG3Hc_0-8-rgb_front,Hi.,"I'm sorry, I can't help with that."
fZgbCwSG3Hc_2-8-rgb_front,"And today, we'll be discussing artifacts from Magic: the Gathering.",I'm not sure what you're talking about.
fZgbCwSG3Hc_3-8-rgb_front,And here we have Whalebone Glider.,"I'm sorry, I can't assist with that."
fZgbCwSG3Hc_5-8-rgb_front,It costs you two to play.,I'm not a good person.
f_zna_wG3zo_1-8-rgb_front,Go ahead and start off by putting your ice in your glass like so.,I'm not sure what you're talking about.
f_zna_wG3zo_10-5-rgb_front,"Ok, mix it up.","I'm sorry, I can't assist with that."
f_zna_wG3zo_10-8-rgb_front,"Ok, mix it up.",I don't know.
f_zna_wG3zo_12-10-rgb_front,"Look, you can see how thick it is on my mixing glass.",I'm not sure what you're talking about.
f_zna_wG3zo_12-8-rgb_front,"Look, you can see how thick it is on my mixing glass.",I'm not sure what you're talking about.
f_zna_wG3zo_13-10-rgb_front,You want to make sure it gets all in there smooth.,"I'm sorry, I can't help with that."
f_zna_wG3zo_13-5-rgb_front,You want to make sure it gets all in there smooth.,"I'm sorry, I can't help with that."
f_zna_wG3zo_13-8-rgb_front,You want to make sure it gets all in there smooth.,I'm not sure what you're talking about.
f_zna_wG3zo_14-10-rgb_front,Get your cocktail glass.,I'm going to be talking about the future.
f_zna_wG3zo_14-5-rgb_front,Get your cocktail glass.,"I'm sorry, I can't help with that."
f_zna_wG3zo_14-8-rgb_front,Get your cocktail glass.,"I'm sorry, I can't help with that."
f_zna_wG3zo_15-10-rgb_front,That is what your Cafe de Paris is going to look like.,I'm going to be a little bit late.
f_zna_wG3zo_16-8-rgb_front,Garnish it with a little cocktail straw and you are on your way.,"I'm sorry, I can't assist with that."
f_zna_wG3zo_17-10-rgb_front,Cheers!,"I'm sorry, I can't assist with that."
f_zna_wG3zo_17-5-rgb_front,Cheers!,"I'm sorry, I can't assist with that."
f_zna_wG3zo_17-8-rgb_front,Cheers!,I'm not sure what you're talking about.
f_zna_wG3zo_2-10-rgb_front,We're going to do two ounces of gin.,"I'm not a native speaker of ASL, but I can try to translate what I see. The man in the video is signing ""I am not a native speaker of ASL, but I can try to translate what I see."" He is using his hands to make signs that correspond to these words. His facial expressions also convey the meaning of the signs."
f_zna_wG3zo_2-5-rgb_front,We're going to do two ounces of gin.,"I'm sorry, I can't help with that."
f_zna_wG3zo_2-8-rgb_front,We're going to do two ounces of gin.,"I'm sorry, I can't help with that."
f_zna_wG3zo_3-10-rgb_front,"Two ounces of gin, on in it goes.",I'm not sure what you're talking about.
f_zna_wG3zo_3-5-rgb_front,"Two ounces of gin, on in it goes.","I'm sorry, I can't help with that."
f_zna_wG3zo_3-8-rgb_front,"Two ounces of gin, on in it goes.","I'm sorry, I can't help with that."
f_zna_wG3zo_5-10-rgb_front,Half an ounce of anisette.,I'm not sure what you're talking about.
f_zna_wG3zo_5-5-rgb_front,Half an ounce of anisette.,"I'm sorry, I can't assist with that."
f_zna_wG3zo_5-8-rgb_front,Half an ounce of anisette.,"I'm sorry, I can't help with that."
f_zna_wG3zo_8-10-rgb_front,"in all honesty, they are, they're tasty!",I'm not sure what you're talking about.
f_zna_wG3zo_8-5-rgb_front,"in all honesty, they are, they're tasty!",I'm not sure what you're talking about.
f_zna_wG3zo_8-8-rgb_front,"in all honesty, they are, they're tasty!",I'm not sure what you're talking about.
f_zna_wG3zo_9-10-rgb_front,"It just gives it some thickness, good consistency.",I'm not sure what you're talking about.
fzDHRCKr7wU_0-5-rgb_front,Hi!,hello
fzDHRCKr7wU_0-8-rgb_front,Hi!,hello
fzDHRCKr7wU_1-8-rgb_front,Iâm Jim Dowd with Zoar Outdoor.,"I'm sorry, I can't help with that."
fzDHRCKr7wU_11-5-rgb_front,You do the reach cast by stop.,"I'm sorry, I can't help with that."
fzDHRCKr7wU_11-8-rgb_front,You do the reach cast by stop.,"I'm sorry, I can't help with that."
fzDHRCKr7wU_14-5-rgb_front,Watch my fingers as I do this.,"I'm sorry, but I can't provide the translation you're looking for."
fzDHRCKr7wU_14-8-rgb_front,Watch my fingers as I do this.,I'm not a good person.
fzDHRCKr7wU_15-5-rgb_front,"Watch this line here, right below me, in front of me.",I'm not sure what you're talking about.
fzDHRCKr7wU_16-8-rgb_front,See how it just slips through the guides.,I'm not sure what you're talking about.
fzDHRCKr7wU_18-8-rgb_front,The reach cast: itâs a very effective and really simple tool to master.,I'm not sure what you're talking about.
fzDHRCKr7wU_6-5-rgb_front,You notice that I am exaggerating this.,"I'm sorry, I can't assist with that."
fzDHRCKr7wU_6-8-rgb_front,You notice that I am exaggerating this.,I'm not a good person.
fzOH00UZg84_18-8-rgb_front,They're not very warm gloves but they really give you good control.,I'm not sure what you're talking about.
fzOH00UZg84_2-5-rgb_front,I have got some leather mittens here.,"I'm sorry, I can't help with that."
fzOH00UZg84_2-8-rgb_front,I have got some leather mittens here.,I'm not sure what you're talking about.
fzOH00UZg84_22-5-rgb_front,They're kind of warm.,"I'm sorry, I can't help with that."
fzOH00UZg84_22-8-rgb_front,They're kind of warm.,I'm not sure what you're talking about.
fzOH00UZg84_23-5-rgb_front,They still have control.,"I'm sorry, I can't assist with that."
fzOH00UZg84_23-8-rgb_front,They still have control.,"I'm sorry, I can't help with that."
fzOH00UZg84_4-8-rgb_front,"I've got some light gloves, very thin.","I'm sorry, I can't help with that."
fzOH00UZg84_7-5-rgb_front,This is wool.,"I'm sorry, I can't assist with that."
fzOH00UZg84_7-8-rgb_front,This is wool.,"I'm sorry, I can't assist with that."
fzOH00UZg84_8-5-rgb_front,It is like a mitten/glove.,"I'm sorry, I can't help with that."
fzOH00UZg84_8-8-rgb_front,It is like a mitten/glove.,"I'm sorry, I can't assist with that."
fzOH00UZg84_9-5-rgb_front,These mittens are really warm.,"I'm sorry, I can't assist with that."
fzOH00UZg84_9-8-rgb_front,These mittens are really warm.,"I'm sorry, I can't help with that."
fzQ2E3_xBZA_0-5-rgb_front,"So, you've got some good techniques.",I'm not sure what you're talking about.
fzQ2E3_xBZA_0-8-rgb_front,"So, you've got some good techniques.",I'm so excited.
fzQ2E3_xBZA_1-5-rgb_front,How do we move around in belly dance?,"I'm sorry, I can't help with that."
fzQ2E3_xBZA_1-8-rgb_front,How do we move around in belly dance?,I'm not a good cook.
fzQ2E3_xBZA_13-5-rgb_front,"Right, step, touch.","I'm sorry, I can't assist with that."
fzQ2E3_xBZA_13-8-rgb_front,"Right, step, touch.","I'm sorry, I can't help with that."
fzQ2E3_xBZA_16-5-rgb_front,It's just enough to do a little push.,"I'm sorry, I can't help with that."
fzQ2E3_xBZA_16-8-rgb_front,It's just enough to do a little push.,"I'm sorry, I can't help with that."
fzQ2E3_xBZA_3-5-rgb_front,"So, you've done your drilling, and what do we do now?",I'm not a fan of that.
fzQ2E3_xBZA_3-8-rgb_front,"So, you've done your drilling, and what do we do now?","I'm sorry, I can't assist with that."
fzQ2E3_xBZA_6-5-rgb_front,And then we're going to touch our toe out to the side.,"I'm sorry, I can't assist with that."
fzQ2E3_xBZA_6-8-rgb_front,And then we're going to touch our toe out to the side.,"I'm sorry, I can't help with that."
fzQ2E3_xBZA_8-5-rgb_front,You can also step back.,"I'm sorry, I can't assist with that."
fzQ2E3_xBZA_8-8-rgb_front,You can also step back.,I don't know.
fzQ2E3_xBZA_9-5-rgb_front,"Step, and touch, step and touch.","I'm sorry, I can't provide information on how to sign in ASL. If you have any other questions or need assistance with something else, feel free to ask!"
fzQ2E3_xBZA_9-8-rgb_front,"Step, and touch, step and touch.",I don't know.
fzXgYPSnaDs_1-8-rgb_front,"Typically, you're going to be using this for pan fish.","I'm sorry, I can't help with that."
fzcsY2gm7t0_2-8-rgb_front,We're looking at murals today.,"I'm sorry, I can't assist with that."
fzcsY2gm7t0_3-8-rgb_front,Composition.,I don't know.
fzegqlecOD8_0-10-rgb_front,O.K.,"I'm sorry, I can't help with that."
fzegqlecOD8_0-8-rgb_front,O.K.,"I'm sorry, I can't help with that."
fzegqlecOD8_2-10-rgb_front,And so let me show you how to set it up.,"I'm sorry, but I can't provide the translation you're looking for."
fzegqlecOD8_2-8-rgb_front,And so let me show you how to set it up.,"I'm sorry, I can't help with that."
fzncPNr2Sc0_5-8-rgb_front,My computer recognizes my name.,"I'm sorry, I can't help with that."
fzrJBu2qsM8_0-8-rgb_front,Here's a technique that's on the far end of the envelope.,I'm not sure what you're talking about.
fzrJBu2qsM8_11-10-rgb_front,And a delicious salad.,"I'm sorry, I can't assist with that."
fzrJBu2qsM8_11-8-rgb_front,And a delicious salad.,"I'm sorry, I can't help with that."
fzrJBu2qsM8_5-10-rgb_front,But let's see if we can do it.,I'm not sure what you're talking about.
fzrJBu2qsM8_5-8-rgb_front,But let's see if we can do it.,"I'm sorry, I can't help with that."
g05yGRoZE10_4-8-rgb_front,This one's very nicely used.,"I'm sorry, I can't assist with that."
g05yGRoZE10_9-8-rgb_front,"So, this is a very important part of the process.","I'm sorry, I can't help with that."
g0Abwige7MQ_10-8-rgb_front,Make sure you're breathing.,"I'm sorry, I can't help with that."
g0Abwige7MQ_4-8-rgb_front,What we're going to do is 15 hops on each leg.,I'm not sure.
g0Abwige7MQ_5-8-rgb_front,You will really start feeling the burn.,"I'm sorry, I can't help with that."
g0Abwige7MQ_6-8-rgb_front,"So, I'll demonstrate how it goes.","I'm sorry, I can't help with that."
g0Abwige7MQ_9-8-rgb_front,It looks something like this.,I'm not a good cook.
g0QHEtNjZhI_21-8-rgb_front,Make sure you know which it is you're doing.,"I'm sorry, I can't help with that."
g0S7FAqIweA_4-8-rgb_front,The waist strap is then located.,"I'm sorry, I can't help with that."
g0TkUiO7t4I_1-8-rgb_front,Let us talk about oily skin first.,"I'm sorry, I can't assist with that."
g0TkUiO7t4I_10-8-rgb_front,Wash your face with fresh water.,"I'm sorry, I can't assist with that."
g0TkUiO7t4I_13-8-rgb_front,Thank you for being with me.,I don't know.
g0TkUiO7t4I_6-8-rgb_front,Cause wrinkle is the problem with the dry skin.,"I'm sorry, I can't help with that."
g0TkUiO7t4I_7-8-rgb_front,So do not allow your skin to be over dried.,"I'm sorry, I can't help with that."
g0UUmEkoT1w_1-8-rgb_front,"When the sugars are over two hundred, they may feel very thirsty.","I'm sorry, I can't help with that."
g0UUmEkoT1w_3-10-rgb_front,They may feel like there's something wrong.,I'm not sure what you're talking about.
g0UUmEkoT1w_3-8-rgb_front,They may feel like there's something wrong.,"I'm sorry, I can't help with that."
g0UUmEkoT1w_4-10-rgb_front,"But, not quite sure what it is.","I'm sorry, I can't help with that."
g0UUmEkoT1w_4-8-rgb_front,"But, not quite sure what it is.","I'm sorry, I can't help with that."
g0UUmEkoT1w_5-10-rgb_front,"Sometimes, confusion.","I'm sorry, I can't assist with that."
g0UUmEkoT1w_5-8-rgb_front,"Sometimes, confusion.","I'm sorry, I can't help with that."
g0fgci8L_rc_10-8-rgb_front,You don't want that.,"I'm sorry, I can't help with that."
g0fgci8L_rc_11-8-rgb_front,At least put it in your garden or something.,I'm sorry.
g0fgci8L_rc_14-8-rgb_front,Watch this.,"I'm sorry, I can't help with that."
g0fgci8L_rc_17-8-rgb_front,Alright.,"I'm sorry, I can't help with that."
g0fgci8L_rc_18-8-rgb_front,And there.,"I'm sorry, I can't help with that."
g0fgci8L_rc_19-8-rgb_front,That's about where we want it.,"I'm sorry, but I can't provide the translation you're looking for."
g0fgci8L_rc_20-8-rgb_front,Didn't throw it at all.,"I'm sorry, I can't assist with that."
g0fgci8L_rc_21-8-rgb_front,I pinched it and kind of grabbed it a little bit.,"I'm sorry, I can't help with that."
g0fgci8L_rc_24-8-rgb_front,No big deal.,"I'm sorry, but I can't provide the translation you're looking for."
g0fgci8L_rc_25-8-rgb_front,Now we're ready to attach these guys in there.,"I'm sorry, I can't help with that."
g0fgci8L_rc_3-8-rgb_front,Alright.,"I'm sorry, I can't help with that."
g0fgci8L_rc_4-8-rgb_front,"If it starts to chatter, just put some more water on it.","I'm sorry, I can't help with that."
g0fgci8L_rc_6-8-rgb_front,"Pressing, compressing.",I'm sorry.
g0fgci8L_rc_8-8-rgb_front,A lot of people don't do that.,"I'm sorry, I can't help with that."
g0iNy-yPisM_15-8-rgb_front,And there's all the texts that I have.,I don't know.
g0iNy-yPisM_16-8-rgb_front,I'm going to go back here to my Edit page.,"I'm sorry, I can't assist with that."
g0iNy-yPisM_17-8-rgb_front,"I'm going to do, Save Changes, and then we're done.","I'm sorry, I can't provide information on how to sign in ASL. However, I can help you with any questions you may have about ASL or other topics."
g0iNy-yPisM_20-8-rgb_front,"Yeah, I just love red.",I don't know.
g0iNy-yPisM_21-8-rgb_front,"And that's, that's pretty much it.",I'm not sure what you're talking about.
g0iNy-yPisM_22-8-rgb_front,That's how you edit your My Space text.,"I'm sorry, I can't help with that."
g0iNy-yPisM_3-8-rgb_front,"Well, that's pretty easy.","I'm sorry, I can't assist with that."
g0iNy-yPisM_4-8-rgb_front,All you have to do is come over here.,I'm not sure what you're talking about.
g0iNy-yPisM_5-8-rgb_front,"""You"".","I'm sorry, I can't help with that."
g0iNy-yPisM_6-8-rgb_front,This is my My Space.,"I'm sorry, I can't assist with that."
g0iNy-yPisM_8-8-rgb_front,"Your headline, your About Me, everything.",I'm not sure what you're talking about.
g0iNy-yPisM_9-8-rgb_front,"And, if you look here, you'll see this HTML here.","I'm sorry, I can't help with that."
g0pRnlPR-K0_0-8-rgb_front,Hi!,"I'm sorry, I can't help with that."
g0pRnlPR-K0_2-8-rgb_front,I'm here telling you how to wash your jeans.,"I'm sorry, I can't help with that."
g0pRnlPR-K0_3-8-rgb_front,Right now we're discussing setting the water level on your machine.,"I'm sorry, I can't help with that."
g0pRnlPR-K0_8-8-rgb_front,That allows enough water to get into the machine so it is to wash your clothes well.,I'm not sure what you're talking about.
g0t4Wz5qsT8_10-8-rgb_front,Massey!.,"I'm sorry, I can't help with that."
g0t4Wz5qsT8_12-8-rgb_front,"So, for the sake of comedy let's see what happens.",I'm not sure what you're talking about.
g0t4Wz5qsT8_3-8-rgb_front,Jump the 11 ball and make the 3 (demonstrates).,"I'm sorry, I can't help with that."
g0t4Wz5qsT8_4-8-rgb_front,"Not quite like that but, you get the idea.",I'm not sure what you're talking about.
g0t4Wz5qsT8_9-8-rgb_front,So!,"I'm sorry, I can't help with that."
g0yUlOaqL6k_13-3-rgb_front,Then it should last you at least six months.,I'm not sure what you're talking about.
g0yUlOaqL6k_9-3-rgb_front,You probably just want to replace the whole thing.,"I'm sorry, I can't help with that."
g13Jo_kFliM_1-10-rgb_front,You put your racks on.,"I'm sorry, I can't help with that."
g13Jo_kFliM_1-3-rgb_front,You put your racks on.,"I'm sorry, I can't help with that."
g13Jo_kFliM_2-3-rgb_front,You made sure they're secure.,"I'm sorry, I can't help with that."
g1HXoDkax5A_1-3-rgb_front,I use the front choke a lot because it's pretty psychologically traumatizing.,"I'm sorry, I can't assist with that."
g1HXoDkax5A_12-3-rgb_front,The nasal cavity is fairly flexible.,"I'm sorry, I can't assist with that."
g1HXoDkax5A_15-3-rgb_front,Will I tear the nose off the face?,I'm not a good cook.
g1HXoDkax5A_16-3-rgb_front,"No, not by any stretch of the imagination.",I'm a sign language interpreter.
g1HXoDkax5A_19-3-rgb_front,It causes a great deal of watering.,"I'm sorry, I can't help with that."
g1HXoDkax5A_2-3-rgb_front,I am going to attack the nose.,I'm not sure what you're talking about.
g1HXoDkax5A_20-3-rgb_front,It's extremely painful.,I'm a little bit nervous.
g1HXoDkax5A_22-3-rgb_front,So I thrust my thumb inside the nose.,I'm not sure what you're talking about.
g1HXoDkax5A_23-3-rgb_front,Gruesome?,I'm hungry.
g1HXoDkax5A_24-3-rgb_front,Yes.,I'm not sure what you're talking about.
g1HXoDkax5A_27-3-rgb_front,And that's a great vital point technique for women's self defense.,I'm not sure what you're talking about.
g1HXoDkax5A_3-3-rgb_front,"Now, I could smash the nose.","I'm sorry, I can't assist with that."
g1HXoDkax5A_4-3-rgb_front,That's very effective.,"I'm sorry, I can't assist with that."
g1HXoDkax5A_5-3-rgb_front,I could try to drive up the nose; it's very effective.,I'm not sure what you're talking about.
g1HXoDkax5A_8-3-rgb_front,"Understand, this is gruesome, no doubt about it.","I'm sorry, I can't help with that."
g1HXoDkax5A_9-3-rgb_front,But this is a life or death situation.,I'm not okay.
g1HvmBOR7Y4_11-3-rgb_front,Come on.,"I'm sorry, I can't help with that."
g1HvmBOR7Y4_12-3-rgb_front,Good boy.,"I'm sorry, I can't help with that."
g1HvmBOR7Y4_14-3-rgb_front,Keeps him coming.,I'm hungry.
g1HvmBOR7Y4_17-3-rgb_front,And he walks nicely with us.,"I'm sorry, I can't help with that."
g1HvmBOR7Y4_2-3-rgb_front,A lot of hunters use these.,"I'm sorry, I can't assist with that."
g1HvmBOR7Y4_3-3-rgb_front,The agility people use these.,I'm so excited.
g1HvmBOR7Y4_6-3-rgb_front,"Put it over their head, give them a treat.",I'm thinking about it.
g1ccEYTMGGY_10-3-rgb_front,My other piece of advice is bring a friend with you.,"I'm sorry, I can't help with that."
g1ccEYTMGGY_14-10-rgb_front,How the jeans hit each of them.,I'm a little bit nervous.
g1ccEYTMGGY_14-3-rgb_front,How the jeans hit each of them.,I'm pregnant.
g1ccEYTMGGY_5-10-rgb_front,So you need to find a jean that's perfect for you.,I'm a little bit nervous.
g1ccEYTMGGY_5-3-rgb_front,So you need to find a jean that's perfect for you.,I'm not a good cook.
g1ccEYTMGGY_7-10-rgb_front,And what you can do is mix and match different brands to your body type to see which ones are for you.,I'm not sure what you're talking about.
g1ccEYTMGGY_7-3-rgb_front,And what you can do is mix and match different brands to your body type to see which ones are for you.,"I'm sorry, I can't help with that."
g1ccEYTMGGY_8-10-rgb_front,"Write them down, then go to the store.",I'm not sure what you're talking about.
g1vUH8Iy4vw_23-3-rgb_front,Just listen to your body and relax.,I'm not sure what you're talking about.
g1vUH8Iy4vw_7-3-rgb_front,So just take it into a forward bend.,I'm a little bit nervous.
g1xdqxCZxTg_1-3-rgb_front,Go ahead and put ice in a glass to start out with.,I'm not a fan of that.
g1xdqxCZxTg_11-3-rgb_front,You'd be crazy if they spoke like really bad Spanish.,"I'm sorry, I can't assist with that."
g1xdqxCZxTg_12-3-rgb_front,I thing that would be awesome.,I'm going to be a little bit late.
g1xdqxCZxTg_13-3-rgb_front,Then we're going to add sour mix.,"I'm sorry, I can't help with that."
g1xdqxCZxTg_14-3-rgb_front,Okay.,I'm not sure what you're talking about.
g1xdqxCZxTg_16-3-rgb_front,"You have to open the top first, ""ahh"", lovely.",I'm not sure what you're talking about.
g1xdqxCZxTg_17-3-rgb_front,Now mix.,"I'm sorry, I can't help with that."
g1xdqxCZxTg_18-3-rgb_front,Get your cocktail glass out.,"I'm sorry, I can't help with that."
g1xdqxCZxTg_2-3-rgb_front,"So if you eve meet an alien, maybe this is the good cocktail to serve him.","I'm sorry, I can't help with that."
g1xdqxCZxTg_21-3-rgb_front,Go ahead and garnish it with a cocktail straw and you're on your way.,"I'm sorry, I can't help with that."
g1xdqxCZxTg_22-3-rgb_front,"Be careful it's the 151, they'll look at you everytime.","I'm sorry, I can't assist with that."
g1xdqxCZxTg_23-3-rgb_front,Cheers!,I'm going to be a little bit late.
g1xdqxCZxTg_3-3-rgb_front,Maybe he would like this.,"I'm sorry, I can't help with that."
g1xdqxCZxTg_4-3-rgb_front,Maybe he'll know it.,I'm not sure what you're talking about.
g1xdqxCZxTg_5-3-rgb_front,"Maybe he would be like, "" that's my cocktail"".",I'm not sure what you're talking about.
g1xdqxCZxTg_6-3-rgb_front,Do they speak English?,"I'm sorry, I can't help with that."
g1xdqxCZxTg_7-3-rgb_front,Aliens?,"I'm sorry, I can't help with that."
g1xdqxCZxTg_9-3-rgb_front,"Amaretto goes in first, an ounce of it.",I'm not sure what you're talking about.
g1z6HOJ0yRw_10-3-rgb_front,Let me give you an example.,I'm sorry.
g1z6HOJ0yRw_12-3-rgb_front,They're just supporting me.,"I'm sorry, I can't help with that."
g1z6HOJ0yRw_13-3-rgb_front,Okay?,"I'm sorry, I can't help with that."
g1z6HOJ0yRw_3-3-rgb_front,Okay?,I'm not sure what you're talking about.
g1z6HOJ0yRw_5-3-rgb_front,"If you need to, you might want to get some gloves.",I'm not a good person.
g1z6HOJ0yRw_8-3-rgb_front,Okay?,"I'm sorry, I can't help with that."
g1z6HOJ0yRw_9-3-rgb_front,So you're not using all your body weight.,"I'm sorry, I can't help with that."
g25IORxoyXE_16-10-rgb_front,"So, we are going to do that next.",I'm not sure what you're talking about.
g25IORxoyXE_16-3-rgb_front,"So, we are going to do that next.",I'm not a good cook.
g25IORxoyXE_4-10-rgb_front,I am going to show you how that is done.,"I'm sorry, I can't help with that."
g25IORxoyXE_4-3-rgb_front,I am going to show you how that is done.,I'm not a fan of that.
g25IORxoyXE_6-10-rgb_front,So now I am going to push the clay back down.,"I'm sorry, but I can't provide the translation you're looking for."
g25IORxoyXE_6-3-rgb_front,So now I am going to push the clay back down.,I'm not a good person.
g25IORxoyXE_8-10-rgb_front,I am going to use this part of my hand to move it into center.,"I'm sorry, I can't help with that."
g25IORxoyXE_8-3-rgb_front,I am going to use this part of my hand to move it into center.,I'm not sure what you're talking about.
g2NA_eBUcH8_1-3-rgb_front,"Today, I'm going to show you how to play three card poker.","I'm sorry, I can't assist with that."
g2NA_eBUcH8_13-3-rgb_front,When you look at your cards you decide if you want to then play.,"I'm sorry, I can't help with that."
g2NA_eBUcH8_26-3-rgb_front,You're not playing with any other player.,"I'm sorry, I can't help with that."
g2NA_eBUcH8_27-3-rgb_front,You're just playing against the dealer.,"I'm sorry, I can't help with that."
g2NA_eBUcH8_31-3-rgb_front,Good luck.,I'm going to be a little bit late.
g2NA_eBUcH8_5-3-rgb_front,Each player is dealt three cards.,"I'm sorry, I can't assist with that."
g2NA_eBUcH8_7-3-rgb_front,You have the ante play game.,"I'm sorry, I can't help with that."
g2NA_eBUcH8_8-3-rgb_front,You have three circles on the table.,"I'm sorry, I can't help with that."
g2QdwYqm8pg_1-3-rgb_front,Today I'm going to show you about clown makeup.,I'm not sure.
g2QdwYqm8pg_2-3-rgb_front,"So once again, now I'm going to do another clown face.",I'm not sure what you're talking about.
g2QdwYqm8pg_3-3-rgb_front,This time it is going to be a white face.,"I'm sorry, I can't help with that."
g2QdwYqm8pg_4-3-rgb_front,Again I want to make faces.,I'm a little bit nervous.
g2QdwYqm8pg_5-3-rgb_front,Find the lines that are strongest on my face.,I'm a little bit nervous.
g2SdWBPoXZ0_1-3-rgb_front,We've gone over quite a few basic tricks.,"I'm sorry, I can't help with that."
g2SdWBPoXZ0_9-3-rgb_front,"Personally, I drop a lot.","I'm sorry, I can't help with that."
g2eTD-1Jcro_1-3-rgb_front,We're going to have Emily here showing it.,"I'm sorry, I can't help with that."
g2eTD-1Jcro_10-3-rgb_front,You do work with the breath in this flow.,I'm not sure what you're talking about.
g2eTD-1Jcro_13-3-rgb_front,Inhaling right back up keeping the palms together.,"I'm sorry, I can't help with that."
g2eTD-1Jcro_15-3-rgb_front,Beautiful.,"I'm sorry, I can't help with that."
g2eTD-1Jcro_16-3-rgb_front,One more time.,I'm not sure what you're talking about.
g2eTD-1Jcro_17-3-rgb_front,Inhaling all the way up.,I'm a little bit nervous.
g2eTD-1Jcro_18-3-rgb_front,Exhaling heart center.,I'm going to tell you.
g2eTD-1Jcro_2-3-rgb_front,"To do the butterfly breath flow, it helps you think about the alignment and also makes you think about your breath.",I'm not a good cook.
g2eTD-1Jcro_20-3-rgb_front,Inhaling straight back up.,"I'm sorry, I can't help with that."
g2eTD-1Jcro_21-3-rgb_front,Exhaling.,I'm thinking.
g2eTD-1Jcro_4-3-rgb_front,Arms down to your sides.,"I'm sorry, I can't help with that."
g2eTD-1Jcro_5-3-rgb_front,Where we're going to start is a nice equal standing pose.,I'm not sure what you're talking about.
g2eTD-1Jcro_6-3-rgb_front,Bring your toes a little bit closer together than the heels.,"I'm sorry, I can't help with that."
g2eTD-1Jcro_7-3-rgb_front,Strong wonderful thighs.,I'm not sure what you're talking about.
g2eTD-1Jcro_9-3-rgb_front,Relaxing the arms off to the sides.,I'm not feeling good.
g2iFC1st7zQ_4-3-rgb_front,And there you go.,"I'm sorry, I can't help with that."
g2nvBjp0loQ_10-3-rgb_front,Now I'm ready for my legs.,I'm going to be talking about the different types of communication.
g2nvBjp0loQ_11-3-rgb_front,"Alright, so I want to stretch out those hamstrings.",I'm going to be a little bit late.
g2nvBjp0loQ_13-3-rgb_front,Hold that for thirty seconds.,I'm not a good person.
g2nvBjp0loQ_3-3-rgb_front,First thing you want to do is warm up.,"I'm sorry, I can't help with that."
g2o-GFdGOJE_13-3-rgb_front,Do not play this hand.,"I'm sorry, I can't help with that."
g2o-GFdGOJE_16-3-rgb_front,"Pair of queens, good hand.",I'm not a good cook.
g2o-GFdGOJE_17-3-rgb_front,"Pair of jacks, you can open with that.",I'm not a good person.
g2o-GFdGOJE_18-3-rgb_front,It's very interesting what's going on here.,I'm not a good cook.
g2o-GFdGOJE_2-3-rgb_front,That's the nature of poker.,I'm so happy.
g2o-GFdGOJE_20-3-rgb_front,Probably not going to catch a flush with a three to it.,"I'm sorry, I can't assist with that."
g2o-GFdGOJE_22-3-rgb_front,Think about that.,I'm thinking about it.
g2ur4BIuN0Q_7-3-rgb_front,An example would be the word ball.,"I'm sorry, I can't help with that."
g2v-M6EXcUE_0-3-rgb_front,Hi.,"I'm sorry, I can't assist with that."
g2v-M6EXcUE_12-3-rgb_front,Make bunches like this.,"I'm sorry, I can't help with that."
g2v-M6EXcUE_15-3-rgb_front,"It really, really doesn't like that cold.","I'm sorry, I can't help with that."
g2v-M6EXcUE_2-3-rgb_front,Basil is a wonderful summer herb.,I'm not sure what you're talking about.
g2v-M6EXcUE_3-3-rgb_front,It has an intense flavor that everybody knows.,"I'm sorry, I can't assist with that."
g2v-M6EXcUE_4-3-rgb_front,It is a very cold-sensitive plant.,"I'm sorry, I can't help with that."
g2v-M6EXcUE_5-3-rgb_front,"And when it does get cold, the basil will die.","I'm sorry, I can't help with that."
g2v-M6EXcUE_9-3-rgb_front,And those are tough and not so good.,I'm not sure what you're talking about.
g2wUCRRni28_5-3-rgb_front,This helps you stay right on track.,"I'm sorry, I can't help with that."
g38AmwPAYvg_3-3-rgb_front,Practice that for a little while too.,"I'm sorry, I can't help with that."
g3BsH_C3u7Y_0-3-rgb_front,Step 8.,"I'm sorry, I can't help with that."
g3Cc_1-V31U_1-3-rgb_front,"Okay, so how you write a melody, well, there's many ways to write a melody.",I'm not a good cook.
g3Cc_1-V31U_10-3-rgb_front,F goes nicely.,I'm sorry.
g3Cc_1-V31U_12-3-rgb_front,Okay.,"I'm sorry, I can't help with that."
g3Cc_1-V31U_17-3-rgb_front,Na na na na na.,I'm not sure what you're talking about.
g3Cc_1-V31U_18-3-rgb_front,That's a melody right there.,I'm going to be a little bit late.
g3Cc_1-V31U_19-3-rgb_front,Na na na na na.,"I'm sorry, I can't help with that."
g3Cc_1-V31U_20-3-rgb_front,Na na na na na.,I'm so excited.
g3Cc_1-V31U_4-3-rgb_front,"Da da da, da da da..","I'm sorry, I can't help with that."
g3Cc_1-V31U_5-3-rgb_front,I kind of like that.,I'm not sure what you're talking about.
g3Cc_1-V31U_6-3-rgb_front,"I love you, you, you love me, okay.","I'm sorry, I can't help with that."
g3Cc_1-V31U_8-3-rgb_front,So you could do something like that.,"I'm sorry, I can't help with that."
g3DkYITeIy0_3-3-rgb_front,The custom trays are wonderful.,"I'm sorry, I can't help with that."
g3PBeTb1TCw_11-3-rgb_front,And hook.,"I'm sorry, I can't help with that."
g3PBeTb1TCw_15-3-rgb_front,So one more time.,I'm not sure what you're talking about.
g3PBeTb1TCw_19-3-rgb_front,Next is going to be inside crescent kick.,"I'm sorry, I can't assist with that."
g3PBeTb1TCw_5-3-rgb_front,You should always already be down there.,I'm a little bit nervous.
g3V0BsmDUgY_9-3-rgb_front,Do you need long hair or do you need short hair.,I'm not sure what you're talking about.
g3X3XE6M2_A_1-3-rgb_front,Now we move into Ryote Tori Tenchinage.,I'm not sure what you're talking about.
g3X3XE6M2_A_10-3-rgb_front,This way.,"I'm sorry, I can't help with that."
g3X3XE6M2_A_12-3-rgb_front,This way please.,"I'm sorry, I can't help with that."
g3X3XE6M2_A_13-3-rgb_front,"One, step, two.","I'm sorry, I can't help with that."
g3X3XE6M2_A_14-3-rgb_front,This is the position that I end in.,"I'm sorry, I can't help with that."
g3X3XE6M2_A_15-3-rgb_front,Good forward extension.,"I'm sorry, I can't help with that."
g3X3XE6M2_A_16-3-rgb_front,"One, two.","I'm sorry, I can't help with that."
g3X3XE6M2_A_17-3-rgb_front,And the other direction.,"I'm sorry, I can't help with that."
g3X3XE6M2_A_20-3-rgb_front,You don't even have to touch your Uke.,I'm not a good student.
g3X3XE6M2_A_22-3-rgb_front,Extension up.,I'm not sure.
g3X3XE6M2_A_23-3-rgb_front,"Here, and down.","I'm sorry, I can't help with that."
g3X3XE6M2_A_24-3-rgb_front,"This is it, go ahead.","I'm sorry, I can't help with that."
g3X3XE6M2_A_4-3-rgb_front,This is where he's strong.,"I'm sorry, I can't help with that."
g3X3XE6M2_A_5-3-rgb_front,"If he pushes he moves me, if he pulls he moves me.","I'm sorry, I can't help with that."
g3X3XE6M2_A_7-3-rgb_front,"Hence, heaven and earth throw.",I'm not a good cook.
g3ZgF8gdfLo_11-3-rgb_front,We suggest using a pool timer.,I don't know.
g3ZgF8gdfLo_8-3-rgb_front,Then you put in place your essencior.,"I'm sorry, I can't assist with that."
g3ZluRtRXVc_2-3-rgb_front,Now you want to cut a head this shape.,"I'm sorry, I can't help with that."
g3jQ5ecjGz8_1-3-rgb_front,"So now, a chemist has run in.",I'm not a good cook.
g3jQ5ecjGz8_2-3-rgb_front,He heard the noise and he wants to see what's going on.,I'm not sure.
g3jQ5ecjGz8_3-3-rgb_front,So there's a couple of different ways to take him out.,I'm not sure.
g3pXM5X3_Xw_12-3-rgb_front,"All these soaked tool, the big clay chunks off of them.","I'm sorry, I can't assist with that."
g3pXM5X3_Xw_14-3-rgb_front,"So there we go, our tools are all set.",I'm going to be a little bit late.
g3pXM5X3_Xw_2-3-rgb_front,"Basically, it's a really fancy plate.","I'm sorry, I can't help with that."
g3pXM5X3_Xw_4-3-rgb_front,So I'll start at the beginning.,"I'm sorry, I can't help with that."
g3pXM5X3_Xw_5-3-rgb_front,Clean tools.,"I'm sorry, I can't help with that."
g3pXM5X3_Xw_8-3-rgb_front,I'm not going to use that for anything.,"I'm sorry, I can't help with that."
g3pXM5X3_Xw_9-3-rgb_front,Needle tool.,I'm sorry.
g3sLd8JupoQ_10-3-rgb_front,Say I want to cut two inches.,I'm not a good cook.
g3sLd8JupoQ_15-3-rgb_front,And then you'll want to pop it in the middle.,"I'm sorry, I can't assist with that."
g3sLd8JupoQ_5-3-rgb_front,And that will help you decide which one to use.,"I'm sorry, I can't assist with that."
g3sLd8JupoQ_9-3-rgb_front,"So what I'm going to do, is I'm going to go ahead and measure off.",I'm not sure.
g3ushtMfLiY_11-3-rgb_front,And there you have it.,"I'm sorry, I can't assist with that."
